{"name":"0d592e0c-a1f4-4505-a4bb-6f733f4e3d69","id":"/providers/Microsoft.Flow/flows/0d592e0c-a1f4-4505-a4bb-6f733f4e3d69","type":"Microsoft.Flow/flows","properties":{"apiId":"/providers/Microsoft.PowerApps/apis/shared_logicflows","displayName":"Request and notify of approval for Business Central sales order (custom)","definition":{"metadata":{"workflowEntityId":null,"processAdvisorMetadata":null,"flowChargedByPaygo":null,"flowclientsuspensionreason":"None","flowclientsuspensiontime":null,"flowclientsuspensionreasondetails":null,"creator":{"id":"f7540a60-18b6-4365-b408-5d3a5d760785","type":"User","tenantId":"aa0bc99f-c7dc-4baf-bd9f-f4362c21a116"},"provisioningMethod":"FromDefinition","failureAlertSubscription":true,"clientLastModifiedTime":"2024-02-09T17:08:22.4832264Z","connectionKeySavedTimeKey":"2024-02-09T17:08:22.4832264Z"},"$schema":"https://schema.management.azure.com/providers/Microsoft.Logic/schemas/2016-06-01/workflowdefinition.json#","contentVersion":"1.0.0.0","parameters":{"$connections":{"defaultValue":{},"type":"Object"},"$authentication":{"defaultValue":{},"type":"SecureObject"},"BCCurrentEnvironment":{"defaultValue":"","type":"String"},"BCCurrentCompany":{"defaultValue":"","type":"String"}},"triggers":{"When_a_sales_document_approval_is_requested_(V3)":{"metadata":{"operationMetadataId":"c7b1a083-ddbf-43f1-86d8-a6a8f4555d95"},"type":"OpenApiConnectionWebhook","inputs":{"host":{"apiId":"/providers/Microsoft.PowerApps/apis/shared_dynamicssmbsaas","connectionName":"shared_dynamicssmbsaas","operationId":"CreateSalesDocumentApprovalWebHookV3"},"parameters":{"bcenvironment":"PRODUCTION","company":"51faa3e9-0e37-ec11-a458-000d3a871e1b","subscription/HeaderFirstConditionField":"documentType","subscription/HeaderFirstConditionFieldValue":"Order","subscription/HeaderSecondConditionField":"status","subscription/HeaderSecondConditionFieldValue":"Open","subscription/HeaderThirdConditionField":"amountIncludingVAT","subscription/HeaderThirdConditionFieldValue":">0"},"authentication":"@parameters('$authentication')"}}},"actions":{"Get_record":{"runAfter":{},"metadata":{"operationMetadataId":"29075c02-c672-4b85-b20e-fe7f1a182203"},"type":"OpenApiConnection","inputs":{"host":{"apiId":"/providers/Microsoft.PowerApps/apis/shared_dynamicssmbsaas","connectionName":"shared_dynamicssmbsaas","operationId":"GetItemV3"},"parameters":{"bcenvironment":"@triggerOutputs()?['body/Environment Name']","company":"@triggerOutputs()?['body/Company Id']","dataset":"workflowEndpoints","table":"workflowSalesDocuments","id":"@triggerOutputs()?['body/Row Id']"},"authentication":"@parameters('$authentication')"}},"Customer":{"runAfter":{"Get_record":["Succeeded"]},"metadata":{"operationMetadataId":"d01abb67-2066-49ad-8256-eb289c11db6e"},"type":"OpenApiConnection","inputs":{"host":{"apiId":"/providers/Microsoft.PowerApps/apis/shared_dynamicssmbsaas","connectionName":"shared_dynamicssmbsaas","operationId":"GetItemsV3"},"parameters":{"bcenvironment":"PRODUCTION","company":"51faa3e9-0e37-ec11-a458-000d3a871e1b","dataset":"workflowEndpoints","table":"workflowCustomers","$filter":"number eq '@{body('Get_record')?['sellToCustomerNumber']}'","$top":1},"authentication":"@parameters('$authentication')"}},"balancedue":{"runAfter":{"balanceLcy":["Succeeded"]},"metadata":{"operationMetadataId":"b41187f2-2d02-495b-9b23-f2d1fe6e17cd"},"type":"Compose","inputs":"@body('Customer')?['value']?[0]?['balanceDueLcy']"},"creditlimit":{"runAfter":{"balancedue":["Succeeded"]},"metadata":{"operationMetadataId":"b41187f2-2d02-495b-9b23-f2d1fe6e17cd"},"type":"Compose","inputs":"@body('Customer')?['value']?[0]?['creditLimitLcy']"},"Condition":{"actions":{"Get_URL":{"runAfter":{},"metadata":{"operationMetadataId":"323a30a4-5bfa-4e7b-bb1d-9e6194d25ead"},"type":"OpenApiConnection","inputs":{"host":{"apiId":"/providers/Microsoft.PowerApps/apis/shared_dynamicssmbsaas","connectionName":"shared_dynamicssmbsaas","operationId":"GetUrlV3"},"parameters":{"bcenvironment":"@triggerOutputs()?['body/Environment Name']","company":"@triggerOutputs()?['body/Company Id']","page":"42","id":"@triggerOutputs()?['body/Row Id']"},"authentication":"@parameters('$authentication')"}},"Get_user_details":{"runAfter":{"Get_URL":["Succeeded"]},"metadata":{"operationMetadataId":"c3c51cff-9979-48c9-bf6e-b267b20ad01b"},"type":"OpenApiConnection","inputs":{"host":{"apiId":"/providers/Microsoft.PowerApps/apis/shared_office365users","connectionName":"shared_office365users","operationId":"UserProfile_V2"},"parameters":{"id":"@triggerOutputs()?['body/Requested By User Email']"},"authentication":"@parameters('$authentication')"}},"Start_and_wait_for_an_approval":{"runAfter":{"Get_user_details":["Succeeded"]},"metadata":{"operationMetadataId":"e3183e47-3036-4dec-b16b-2af2cf2d63fd"},"type":"OpenApiConnectionWebhook","inputs":{"host":{"apiId":"/providers/Microsoft.PowerApps/apis/shared_approvals","connectionName":"shared_approvals","operationId":"StartAndWaitForAnApproval"},"parameters":{"approvalType":"BasicAwaitAll","WebhookApprovalCreationInput/title":"Sales order request (Dynamics 365 Business Central)","WebhookApprovalCreationInput/assignedTo":"tim.jones@xpeditiondemo1.onmicrosoft.com","WebhookApprovalCreationInput/details":"An approval requested by @{outputs('Get_user_details')?['body/displayName']} for Sales Order @{body('Get_record')?['number']} totaling @{body('Get_record')?['amountIncludingVAT']} for @{body('Get_record')?['sellToCustomerName']} must be approved.      \n##Account Details:  \n- Customer Credit Limit: @{formatNumber(outputs('creditlimit'),'£#,##0.00','en-GB')} \n- Outstanding Documents: @{formatNumber(outputs('TotalOustandingOrders'),'£#,##0.00','en-GB')}\n- Current Balance: @{formatNumber(outputs('balanceLcy'),'£#,##0.00','en-GB')} \n- Overdue Balance: @{formatNumber(outputs('balancedue'),'£#,##0.00','en-GB')} ","WebhookApprovalCreationInput/itemLink":"@outputs('Get_URL')?['body/WebClientUrl']","WebhookApprovalCreationInput/itemLinkDescription":"Sales Order @{body('Get_record')?['number']}","WebhookApprovalCreationInput/requestor":"@triggerOutputs()?['body/Requested By User Email']","WebhookApprovalCreationInput/enableNotifications":true,"WebhookApprovalCreationInput/enableReassignment":true},"authentication":"@parameters('$authentication')"}},"React_on_the_outcome":{"runAfter":{"Start_and_wait_for_an_approval":["Succeeded"]},"cases":{"Approve":{"case":"Approve","actions":{"Approve_action":{"runAfter":{},"metadata":{"operationMetadataId":"6f742535-c86d-4d34-be8f-d0320adb6234"},"type":"OpenApiConnection","inputs":{"host":{"apiId":"/providers/Microsoft.PowerApps/apis/shared_dynamicssmbsaas","connectionName":"shared_dynamicssmbsaas","operationId":"ExecuteProcedureV3"},"parameters":{"bcenvironment":"@triggerOutputs()?['body/Environment Name']","company":"@triggerOutputs()?['body/Company Id']","dataset":"workflowEndpoints","procedure":"WorkflowActionResponse_Approve","parameters":{"workflowStepInstanceId":"@triggerOutputs()?['body/Workflow Step Id']"}},"authentication":"@parameters('$authentication')"}},"Set_Outcome_String_To_Approved":{"runAfter":{"Approve_action":["Succeeded"]},"metadata":{"operationMetadataId":"d9d50d99-f779-473e-a53b-03ab25c7544f"},"type":"SetVariable","inputs":{"name":"Outcome String","value":"approved"}}}},"Reject":{"case":"Reject","actions":{"Reject_action":{"runAfter":{},"metadata":{"operationMetadataId":"4e6cb24e-6659-40ad-a3fb-12629f06ed3a"},"type":"OpenApiConnection","inputs":{"host":{"apiId":"/providers/Microsoft.PowerApps/apis/shared_dynamicssmbsaas","connectionName":"shared_dynamicssmbsaas","operationId":"ExecuteProcedureV3"},"parameters":{"bcenvironment":"@triggerOutputs()?['body/Environment Name']","company":"@triggerOutputs()?['body/Company Id']","dataset":"workflowEndpoints","procedure":"WorkflowActionResponse_Reject","parameters":{"workflowStepInstanceId":"@triggerOutputs()?['body/Workflow Step Id']"}},"authentication":"@parameters('$authentication')"}},"Set_Outcome_String_To_Rejected":{"runAfter":{"Reject_action":["Succeeded"]},"metadata":{"operationMetadataId":"ae86dd33-8fd8-42c2-9eb3-eedf34864292"},"type":"SetVariable","inputs":{"name":"Outcome String","value":"rejected"}}}}},"default":{"actions":{"Cancel_action":{"runAfter":{},"metadata":{"operationMetadataId":"aee25a5a-3f1b-4ff4-84b8-bf4f038d02cb"},"type":"OpenApiConnection","inputs":{"host":{"apiId":"/providers/Microsoft.PowerApps/apis/shared_dynamicssmbsaas","connectionName":"shared_dynamicssmbsaas","operationId":"ExecuteProcedureV3"},"parameters":{"bcenvironment":"@triggerOutputs()?['body/Environment Name']","company":"@triggerOutputs()?['body/Company Id']","dataset":"workflowEndpoints","procedure":"WorkflowActionResponse_Cancel","parameters":{"workflowStepInstanceId":"@triggerOutputs()?['body/Workflow Step Id']"}},"authentication":"@parameters('$authentication')"}}}},"expression":"@outputs('Start_and_wait_for_an_approval')?['body/outcome']","metadata":{"operationMetadataId":"ecb2e219-61fe-45e7-9782-11bab629d03a"},"type":"Switch"},"Should_it_send_a_card":{"actions":{"Adaptive_Card":{"runAfter":{},"metadata":{"operationMetadataId":"835be19e-8021-43b8-b8db-fa2229f2c933"},"type":"OpenApiConnection","inputs":{"host":{"apiId":"/providers/Microsoft.PowerApps/apis/shared_dynamicssmbsaas","connectionName":"shared_dynamicssmbsaas","operationId":"GetAdaptiveCardV3"},"parameters":{"targeturl":"@outputs('Get_URL')?['body/WebClientUrl']","targetapp":"Teams"},"authentication":"@parameters('$authentication')"}},"Change_the_title_for_the_adaptive_card":{"runAfter":{"Adaptive_Card":["Succeeded"]},"metadata":{"operationMetadataId":"17b37d20-82d8-408e-b8ab-bea7cf288003"},"type":"SetVariable","inputs":{"name":"EnhancedAdaptiveCard","value":"@{replace(outputs('Adaptive_Card')?['body/AdaptiveCardJsonString'], '\"body\":[', concat('\"body\":[{\"type\":\"TextBlock\",\"size\":\"medium\",\"weight\":\"default\",\"text\":\"The request approval for this sales order has been ', variables('Outcome String'), '!\"},'))}"}},"Post_card_in_a_chat_or_channel":{"runAfter":{"Change_the_title_for_the_adaptive_card":["Succeeded"]},"metadata":{"operationMetadataId":"118a4a8a-eb4c-449f-8ce1-129304d6c9be"},"type":"OpenApiConnection","inputs":{"host":{"apiId":"/providers/Microsoft.PowerApps/apis/shared_teams","connectionName":"shared_teams","operationId":"PostCardToConversation"},"parameters":{"poster":"Flow bot","location":"Chat with Flow bot","body/recipient":"@{triggerOutputs()?['body/Requested By User Email']};","body/messageBody":"@variables('EnhancedAdaptiveCard')"},"authentication":"@parameters('$authentication')"}}},"runAfter":{"React_on_the_outcome":["Succeeded"]},"else":{"actions":{"Terminate":{"runAfter":{},"metadata":{"operationMetadataId":"454e4e69-ce3b-4f24-a4b1-fdfe891b3793"},"type":"Terminate","inputs":{"runStatus":"Succeeded"}}}},"expression":{"not":{"equals":["@{not(empty(triggerOutputs()?['body/Requested By User Email']))}","false"]}},"metadata":{"operationMetadataId":"9c3ebe3e-c046-43b7-ae20-b04ca707c509"},"type":"If"}},"runAfter":{"creditlimit":["Succeeded"]},"else":{"actions":{"Approve_action_2":{"runAfter":{},"metadata":{"operationMetadataId":"6f742535-c86d-4d34-be8f-d0320adb6234"},"type":"OpenApiConnection","inputs":{"host":{"apiId":"/providers/Microsoft.PowerApps/apis/shared_dynamicssmbsaas","connectionName":"shared_dynamicssmbsaas","operationId":"ExecuteProcedureV3"},"parameters":{"bcenvironment":"@triggerOutputs()?['body/Environment Name']","company":"@triggerOutputs()?['body/Company Id']","dataset":"workflowEndpoints","procedure":"WorkflowActionResponse_Approve","parameters":{"workflowStepInstanceId":"@triggerOutputs()?['body/Workflow Step Id']"}},"authentication":"@parameters('$authentication')"}}}},"expression":{"or":[{"equals":["@greater(outputs('balanceLcy'),outputs('creditlimit'))",true]},{"equals":["@greater(outputs('balancedue'),0)",true]},{"equals":["@if(greater(outputs('creditlimit'),0), greater(outputs('TotalOustandingOrders'),outputs('creditlimit')), false)",true]}]},"metadata":{"operationMetadataId":"429df519-f255-4c99-838c-974f26c4b410"},"type":"If"},"Initialize_Outcome_String":{"runAfter":{"Customer":["Succeeded"]},"metadata":{"operationMetadataId":"7a431811-7b1c-4210-82b0-7077940bd8f4"},"type":"InitializeVariable","inputs":{"variables":[{"name":"Outcome String","type":"string","value":"cancelled"}]}},"Initialize_EnhancedAdaptiveCard":{"runAfter":{"Initialize_Outcome_String":["Succeeded"]},"metadata":{"operationMetadataId":"554875af-902f-42a1-8e79-6f5a3d8f653f"},"type":"InitializeVariable","inputs":{"variables":[{"name":"EnhancedAdaptiveCard","type":"string","value":""}]}},"balanceLcy":{"runAfter":{"TotalOustandingOrders":["Succeeded"]},"metadata":{"operationMetadataId":"9a9ad0bb-ed0f-433c-9076-638359115d10"},"type":"Compose","inputs":"@body('Customer')?['value']?[0]?['balanceLcy']"},"TotalOustandingOrders":{"runAfter":{"Initialize_EnhancedAdaptiveCard":["Succeeded"]},"metadata":{"operationMetadataId":"ad285454-5a03-4256-8bdb-925546c4d87b"},"type":"Compose","inputs":"@add(body('Customer')?['value']?[0]?['outstandingInvoicesLcy'],body('Customer')?['value']?[0]?['outstandingOrdersLcy'])"}},"outputs":{}},"connectionReferences":{"shared_dynamicssmbsaas":{"connectionName":"87b1002f52c24e6888c971523a6d3043","source":"Embedded","id":"/providers/Microsoft.PowerApps/apis/shared_dynamicssmbsaas","tier":"NotSpecified"},"shared_office365users":{"connectionName":"f7bc8419dfef41fbbb6ed8d22dbe63ef","source":"Embedded","id":"/providers/Microsoft.PowerApps/apis/shared_office365users","tier":"NotSpecified"},"shared_approvals":{"connectionName":"shared-approvals-ad8a3ba3-eb7d-4f62-af33-0b067255354b","source":"Embedded","id":"/providers/Microsoft.PowerApps/apis/shared_approvals","tier":"NotSpecified"},"shared_teams":{"connectionName":"shared-teams-91495048-847c-4e35-9636-2f3ae198edd2","source":"Embedded","id":"/providers/Microsoft.PowerApps/apis/shared_teams","tier":"NotSpecified"}},"flowFailureAlertSubscribed":false,"isManaged":false}}