{"name":"61c9a258-2715-457c-a642-88869bce35ce","id":"/providers/Microsoft.Flow/flows/61c9a258-2715-457c-a642-88869bce35ce","type":"Microsoft.Flow/flows","properties":{"apiId":"/providers/Microsoft.PowerApps/apis/shared_logicflows","displayName":"Line Level sales quote approval","definition":{"metadata":{"workflowEntityId":null,"flowclientsuspensionreason":"None","flowclientsuspensiontime":null,"creator":{"id":"33e00098-2332-4a63-98ad-1495501c9f3e","type":"User","tenantId":"8d0632b1-47bf-41fe-ba13-a838adf98c48"},"provisioningMethod":"FromDefinition","failureAlertSubscription":true,"clientLastModifiedTime":"2021-03-04T13:04:40.7016475Z"},"$schema":"https://schema.management.azure.com/providers/Microsoft.Logic/schemas/2016-06-01/workflowdefinition.json#","contentVersion":"1.0.0.0","parameters":{"$connections":{"defaultValue":{},"type":"Object"},"$authentication":{"defaultValue":{},"type":"SecureObject"}},"triggers":{"When_a_sales_document_approval_is_requested":{"metadata":{"flowSystemMetadata":{"swaggerOperationId":"CreateSalesDocumentApprovalWebHookV2"}},"type":"ApiConnectionWebhook","inputs":{"host":{"connection":{"name":"@parameters('$connections')['shared_dynamicssmbsaas']['connectionId']"},"api":{"runtimeUrl":"https://uk-001.azure-apim.net/apim/dynamicssmbsaas"}},"body":{"NotificationUrl":"@listCallbackUrl()","HeaderFirstConditionField":"documentType","HeaderFirstConditionFieldValue":"Quote","HeaderSecondConditionField":"status","HeaderSecondConditionFieldValue":"Open","HeaderThirdConditionField":"amountIncludingVAT","HeaderThirdConditionFieldValue":">0"},"path":"/v2/environments/Production/webhook/v1/datasets/@{encodeURIComponent(encodeURIComponent('Company A'))}/salesdocumentapproval","authentication":"@parameters('$authentication')"}}},"actions":{"Get_record":{"runAfter":{},"metadata":{"flowSystemMetadata":{"swaggerOperationId":"GetItemV2"}},"type":"ApiConnection","inputs":{"host":{"connection":{"name":"@parameters('$connections')['shared_dynamicssmbsaas']['connectionId']"},"api":{"runtimeUrl":"https://uk-001.azure-apim.net/apim/dynamicssmbsaas"}},"method":"get","path":"/v2/environments/Production/datasets/@{encodeURIComponent(encodeURIComponent('Company A'))}/tables/workflowSalesDocuments/items/@{encodeURIComponent(encodeURIComponent(triggerBody()?['Row Id']))}","authentication":"@parameters('$authentication')"}},"Get_Quote_Lines":{"runAfter":{"Get_record":["Succeeded"]},"type":"Http","inputs":{"method":"GET","uri":"https://api.businesscentral.dynamics.com/v2.0/8d0632b1-47bf-41fe-ba13-a838adf98c48/Production/ODataV4/Company('Company%20A')/SalesLines?$select=Shortcut_Dimension_1_Code&$filter=Document_Type%20eq%20%27Quote%27%20and%20Document_No%20eq%20%27@{body('Get_record')?['number']}%27","headers":{"Accept":"application/json; odata.metadata=none"},"authentication":{"type":"Basic","username":"admin","password":"aUUYdnIYu1X1QlIKDYnZaMHQqiGLDh0blpC5OHpNSDY="}}},"Parse_JSON":{"runAfter":{"Get_Quote_Lines":["Succeeded"]},"type":"ParseJson","inputs":{"content":"@body('Get_Quote_Lines')","schema":{"type":"object","properties":{"value":{"type":"array","items":{"type":"object","properties":{"Shortcut_Dimension_1_Code":{"type":"string"}},"required":["Shortcut_Dimension_1_Code"]}}}}}},"Select_Only_Dimension_from_JSON":{"runAfter":{"Parse_JSON":["Succeeded"]},"type":"Select","inputs":{"from":"@body('Parse_JSON')?['value']","select":{"DimensionValue":"@item()?['Shortcut_Dimension_1_Code']"}}},"Unique_Dimensions":{"runAfter":{"Select_Only_Dimension_from_JSON":["Succeeded"]},"type":"Compose","inputs":"@union(body('Select_Only_Dimension_from_JSON'),body('Select_Only_Dimension_from_JSON'))"},"Unique_Dimension_Count":{"runAfter":{"Unique_Dimensions":["Succeeded"]},"type":"InitializeVariable","inputs":{"variables":[{"name":"Unique_Count","type":"integer","value":"@length(intersection(outputs('Unique_Dimensions'),outputs('Unique_Dimensions')))"}]}},"Approval_Counter":{"runAfter":{"Unique_Dimension_Count":["Succeeded"]},"type":"InitializeVariable","inputs":{"variables":[{"name":"Approval_Counter","type":"integer"}]}},"Can_it_be_approved":{"actions":{"Approve":{"runAfter":{},"metadata":{"flowSystemMetadata":{"swaggerOperationId":"ExecuteProcedureV2"}},"type":"ApiConnection","inputs":{"host":{"connection":{"name":"@parameters('$connections')['shared_dynamicssmbsaas']['connectionId']"},"api":{"runtimeUrl":"https://uk-001.azure-apim.net/apim/dynamicssmbsaas"}},"method":"post","body":{"workflowStepInstanceId":"@triggerBody()?['Workflow Step Id']"},"path":"/v2/environments/Production/datasets/@{encodeURIComponent(encodeURIComponent('Company A'))}/procedures/@{encodeURIComponent(encodeURIComponent('WorkflowActionResponse_Approve'))}","authentication":"@parameters('$authentication')"}}},"runAfter":{"Apply_to_Dimension_Value":["Succeeded"]},"else":{"actions":{"Reject":{"runAfter":{},"metadata":{"flowSystemMetadata":{"swaggerOperationId":"ExecuteProcedureV2"}},"type":"ApiConnection","inputs":{"host":{"connection":{"name":"@parameters('$connections')['shared_dynamicssmbsaas']['connectionId']"},"api":{"runtimeUrl":"https://uk-001.azure-apim.net/apim/dynamicssmbsaas"}},"method":"post","body":{"workflowStepInstanceId":"@triggerBody()?['Workflow Step Id']"},"path":"/v2/environments/@{encodeURIComponent(encodeURIComponent('PRODUCTION'))}/datasets/@{encodeURIComponent(encodeURIComponent('Company A'))}/procedures/@{encodeURIComponent(encodeURIComponent('WorkflowActionResponse_Reject'))}","authentication":"@parameters('$authentication')"}}}},"expression":{"equals":["@variables('Approval_Counter')","@variables('Unique_Count')"]},"type":"If"},"Apply_to_Dimension_Value":{"foreach":"@outputs('Unique_Dimensions')","actions":{"Switch":{"runAfter":{},"cases":{"PROD_Dimension":{"case":"PROD","actions":{"Create_an_approval":{"runAfter":{},"metadata":{"flowSystemMetadata":{"swaggerOperationId":"CreateAnApproval"}},"type":"ApiConnection","inputs":{"host":{"connection":{"name":"@parameters('$connections')['shared_approvals']['connectionId']"},"api":{"runtimeUrl":"https://uk-001.azure-apim.net/apim/approvals"}},"method":"post","body":{"title":"Sales Quote Approval Request from D365 Business Central - @{body('Get_record')?['number']}","assignedTo":"AdeleV@M365B365445.OnMicrosoft.com;","details":"Sales Quote - @{body('Get_record')?['number']} total is @{body('Get_record')?['amountIncludingVAT']} for @{body('Get_record')?['sellToCustomerName']} needs to be approved.\n\nItem relating to the PROD department is on the quote.","itemLink":"https://businesscentral.dynamics.com/8d0632b1-47bf-41fe-ba13-a838adf98c48/?company=Company%20A&page=41&$filter=Document_Type%20eq%20%27Quote%27%20And%20No%20eq%20%27@{body('Get_record')?['number']}%27","itemLinkDescription":"Sales Quote @{body('Get_record')?['number']}","requestor":"@{triggerBody()?['Requested By User Email']};","enableNotifications":true,"enableReassignment":true},"path":"/types/@{encodeURIComponent('Basic')}","authentication":"@parameters('$authentication')"}},"Condition":{"actions":{"Increase_Approval_Counter":{"runAfter":{},"type":"IncrementVariable","inputs":{"name":"Approval_Counter","value":1}}},"runAfter":{"Wait_for_an_approval":["Succeeded"]},"expression":{"equals":["@body('Wait_for_an_approval')?['outcome']","Approve"]},"type":"If"},"Wait_for_an_approval":{"runAfter":{"Create_an_approval":["Succeeded"]},"metadata":{"flowSystemMetadata":{"swaggerOperationId":"WaitForAnApproval"}},"type":"ApiConnectionWebhook","inputs":{"host":{"connection":{"name":"@parameters('$connections')['shared_approvals']['connectionId']"},"api":{"runtimeUrl":"https://uk-001.azure-apim.net/apim/approvals"}},"body":{"notificationUrl":"@{listCallbackUrl()}"},"path":"/approvals/@{encodeURIComponent(body('Create_an_approval')?['name'])}/subscriptions","authentication":"@parameters('$authentication')"}}}},"SALES_Dimension":{"case":"SALES","actions":{"Start_and_wait_for_an_approval_2":{"runAfter":{},"metadata":{"flowSystemMetadata":{"swaggerOperationId":"StartAndWaitForAnApproval"}},"type":"ApiConnectionWebhook","inputs":{"host":{"connection":{"name":"@parameters('$connections')['shared_approvals']['connectionId']"},"api":{"runtimeUrl":"https://uk-001.azure-apim.net/apim/approvals"}},"body":{"notificationUrl":"@{listCallbackUrl()}","title":"Sales Quote Approval Request from D365 Business Central - @{body('Get_record')?['number']}","assignedTo":"DebraB@M365B365445.OnMicrosoft.com;","details":"Sales Quote - @{body('Get_record')?['number']} total is @{body('Get_record')?['amountIncludingVAT']} for @{body('Get_record')?['sellToCustomerName']} needs to be approved.\n\nItem relating to the SALES department is on the quote.","itemLink":"https://businesscentral.dynamics.com/8d0632b1-47bf-41fe-ba13-a838adf98c48/?company=Company%20A&page=41&$filter=Document_Type%20eq%20%27Quote%27%20And%20No%20eq%20%27@{body('Get_record')?['number']}%27","itemLinkDescription":"Sales Quote @{body('Get_record')?['number']}","requestor":"@{triggerBody()?['Requested By User Email']};","enableNotifications":true,"enableReassignment":true},"path":"/types/@{encodeURIComponent('Basic')}/subscriptions","authentication":"@parameters('$authentication')"}},"Condition_2":{"actions":{"Increase_Approval_Counter_2":{"runAfter":{},"type":"IncrementVariable","inputs":{"name":"Approval_Counter","value":1}}},"runAfter":{"Start_and_wait_for_an_approval_2":["Succeeded"]},"expression":{"equals":["@body('Start_and_wait_for_an_approval_2')?['outcome']","Approve"]},"type":"If"}}},"ADM_Dimension":{"case":"ADM","actions":{"Start_and_wait_for_an_approval":{"runAfter":{},"metadata":{"flowSystemMetadata":{"swaggerOperationId":"StartAndWaitForAnApproval"}},"type":"ApiConnectionWebhook","inputs":{"host":{"connection":{"name":"@parameters('$connections')['shared_approvals']['connectionId']"},"api":{"runtimeUrl":"https://uk-001.azure-apim.net/apim/approvals"}},"body":{"notificationUrl":"@{listCallbackUrl()}","title":"Sales Quote Approval Request from D365 Business Central - @{body('Get_record')?['number']}","assignedTo":"GradyA@M365B365445.OnMicrosoft.com;","details":"Sales Quote - @{body('Get_record')?['number']} total is @{body('Get_record')?['amountIncludingVAT']} for @{body('Get_record')?['sellToCustomerName']} needs to be approved.\n\nItem relating to the SALES department is on the quote.","itemLink":"https://businesscentral.dynamics.com/8d0632b1-47bf-41fe-ba13-a838adf98c48/?company=Company%20A&page=41&$filter=Document_Type%20eq%20%27Quote%27%20And%20No%20eq%20%27@{body('Get_record')?['number']}%27","itemLinkDescription":"Sales Quote @{body('Get_record')?['number']}","requestor":"@{triggerBody()?['Requested By User Email']};","enableNotifications":true,"enableReassignment":true},"path":"/types/@{encodeURIComponent('Basic')}/subscriptions","authentication":"@parameters('$authentication')"}},"Condition_3":{"actions":{"Increase_Approval_Counter_3":{"runAfter":{},"type":"IncrementVariable","inputs":{"name":"Approval_Counter","value":1}}},"runAfter":{"Start_and_wait_for_an_approval":["Succeeded"]},"expression":{"equals":["@body('Start_and_wait_for_an_approval')?['outcome']","Approve"]},"type":"If"}}}},"default":{"actions":{"Execute_action":{"runAfter":{},"metadata":{"flowSystemMetadata":{"swaggerOperationId":"ExecuteProcedureV2"}},"type":"ApiConnection","inputs":{"host":{"connection":{"name":"@parameters('$connections')['shared_dynamicssmbsaas']['connectionId']"},"api":{"runtimeUrl":"https://uk-001.azure-apim.net/apim/dynamicssmbsaas"}},"method":"post","body":{"workflowStepInstanceId":"@triggerBody()?['Workflow Step Id']"},"path":"/v2/environments/Production/datasets/@{encodeURIComponent(encodeURIComponent('Company A'))}/procedures/@{encodeURIComponent(encodeURIComponent('WorkflowActionResponse_Reject'))}","authentication":"@parameters('$authentication')"}}}},"expression":"@items('Apply_to_Dimension_Value')['DimensionValue']","type":"Switch"}},"runAfter":{"Approval_Counter":["Succeeded"]},"type":"Foreach","runtimeConfiguration":{"concurrency":{"repetitions":20}}}},"outputs":{},"description":"When a sales quote is created in Microsoft Dynamics 365 Business Central, send an approval request. On approval, allows additional actions to be taken on that document."},"connectionReferences":{"shared_dynamicssmbsaas":{"connectionName":"shared-dynamicssmbsa-05fe5398-88bf-454f-a38d-fd06-cecb91ae","source":"Embedded","id":"/providers/Microsoft.PowerApps/apis/shared_dynamicssmbsaas","tier":"NotSpecified"},"shared_approvals":{"connectionName":"shared-approvals-783a0395-3b4b-4960-bb24-b3eb-d6df1060","source":"Embedded","id":"/providers/Microsoft.PowerApps/apis/shared_approvals","tier":"NotSpecified"}},"flowFailureAlertSubscribed":false}}