{"name":"c1c87ba0-e536-4b8f-a142-79a9688746b1","id":"/providers/Microsoft.Flow/flows/c1c87ba0-e536-4b8f-a142-79a9688746b1","type":"Microsoft.Flow/flows","properties":{"apiId":"/providers/Microsoft.PowerApps/apis/shared_logicflows","displayName":"Create Default Dimension","definition":{"metadata":{"workflowEntityId":null,"processAdvisorMetadata":null,"flowclientsuspensionreason":"None","flowclientsuspensiontime":null,"creator":{"id":"f7540a60-18b6-4365-b408-5d3a5d760785","type":"User","tenantId":"aa0bc99f-c7dc-4baf-bd9f-f4362c21a116"},"provisioningMethod":"FromDefinition","failureAlertSubscription":true,"clientLastModifiedTime":"2022-01-05T16:07:42.4604824Z"},"$schema":"https://schema.management.azure.com/providers/Microsoft.Logic/schemas/2016-06-01/workflowdefinition.json#","contentVersion":"1.0.0.0","parameters":{"$connections":{"defaultValue":{},"type":"Object"},"$authentication":{"defaultValue":{},"type":"SecureObject"}},"triggers":{"When_a_record_is_created_(V3)":{"splitOn":"@triggerOutputs()?['body/value']","metadata":{"operationMetadataId":"02b3030d-a207-4390-8afe-d984a08ea15a"},"type":"OpenApiConnectionWebhook","inputs":{"host":{"apiId":"/providers/Microsoft.PowerApps/apis/shared_dynamicssmbsaas","connectionName":"shared_dynamicssmbsaas","operationId":"CreateOnNewItemsSubscriptionV3"},"parameters":{"bcenvironment":"PRODUCTION","company":"1cd5e4e1-de93-40ce-825b-4a3444a4e65a","dataset":"v2.0","table":"items"},"authentication":"@parameters('$authentication')"}}},"actions":{"Get_record_(V3)":{"runAfter":{"Delay":["Succeeded"]},"metadata":{"operationMetadataId":"93cdc17d-1e32-45be-be2a-9c08271c834d"},"type":"OpenApiConnection","inputs":{"host":{"apiId":"/providers/Microsoft.PowerApps/apis/shared_dynamicssmbsaas","connectionName":"shared_dynamicssmbsaas","operationId":"GetItemV3"},"parameters":{"bcenvironment":"PRODUCTION","company":"1cd5e4e1-de93-40ce-825b-4a3444a4e65a","dataset":"v2.0","table":"items","id":"@triggerOutputs()?['body/Row id']"},"authentication":"@parameters('$authentication')"},"description":"Retrieve the data about the recently created item record"},"Find_records_(V3)":{"runAfter":{"Get_record_(V3)":["Succeeded"]},"metadata":{"operationMetadataId":"5984f588-d397-45bf-9476-44b88323d864"},"type":"OpenApiConnection","inputs":{"host":{"apiId":"/providers/Microsoft.PowerApps/apis/shared_dynamicssmbsaas","connectionName":"shared_dynamicssmbsaas","operationId":"GetItemsV3"},"parameters":{"bcenvironment":"PRODUCTION","company":"1cd5e4e1-de93-40ce-825b-4a3444a4e65a","dataset":"v2.0","table":"dimensionValues","$filter":"dimensionId eq @{variables('Item Group Dimension ID')} And code eq '@{outputs('Get_record_(V3)')?['body/itemCategoryCode']}'"},"authentication":"@parameters('$authentication')"},"description":"Find out if we have a dimension value setup in the Item Group dimension code for the matching Item Category from the recently created Item record"},"Delay":{"runAfter":{"Item_Group_Dimension_ID":["Succeeded"]},"metadata":{"operationMetadataId":"8513d33c-94c4-4522-87cf-60d2cfd82dd4"},"type":"Wait","inputs":{"interval":{"count":1,"unit":"Minute"}},"description":"A small delay so that the user can populate the Item Category on the item before it is retrieved for usage later in the flow"},"Finds_the_Dimension":{"actions":{"Apply_to_each":{"foreach":"@outputs('Find_records_(V3)')?['body/value']","actions":{"Create_record_(V3)_-_Default_Dimension":{"runAfter":{},"metadata":{"operationMetadataId":"4368a946-e72b-4450-acc8-a9a35e26c0b7"},"type":"OpenApiConnection","inputs":{"host":{"apiId":"/providers/Microsoft.PowerApps/apis/shared_dynamicssmbsaas","connectionName":"shared_dynamicssmbsaas","operationId":"PostItemV3"},"parameters":{"bcenvironment":"PRODUCTION","company":"1cd5e4e1-de93-40ce-825b-4a3444a4e65a","dataset":"v2.0","table":"defaultDimensions","item/parentType":"Item","item/parentId":"@outputs('Get_record_(V3)')?['body/id']","item/dimensionId":"@variables('Item Group Dimension ID')","item/dimensionValueId":"@items('Apply_to_each')?['id']","item/postingValidation":"Same Code"},"authentication":"@parameters('$authentication')"}}},"runAfter":{},"metadata":{"operationMetadataId":"802c9eac-9f81-4c15-87d0-d50ee01b4754"},"type":"Foreach"}},"runAfter":{"Find_records_(V3)":["Succeeded"]},"metadata":{"operationMetadataId":"0b5250dd-d52b-4611-8db0-7cb3faa21391"},"type":"Scope","description":"When the dimension is found only the default dimension needs to be created"},"Fails_to_find_the_dimension":{"actions":{"Create_record_(V3)":{"runAfter":{},"metadata":{"operationMetadataId":"e3a6ba3c-1773-4e02-a783-03e383281a35"},"type":"OpenApiConnection","inputs":{"host":{"apiId":"/providers/Microsoft.PowerApps/apis/shared_dynamicssmbsaas","connectionName":"shared_dynamicssmbsaas","operationId":"PostItemV3"},"parameters":{"bcenvironment":"Production","company":"1cd5e4e1-de93-40ce-825b-4a3444a4e65a","dataset":"xpedition/finance/v2.0","table":"dimensionValues","item/code":"@outputs('Get_record_(V3)')?['body/itemCategoryCode']","item/dimensionId":"45e8b9c6-2a6e-ec11-bf27-0022481b4326","item/displayName":"@outputs('Get_record_(V3)')?['body/itemCategoryCode']","item/blocked":false,"item/dimensionvaluetype":"Standard"},"authentication":"@parameters('$authentication')"},"description":"Create the missing dimension value code - uses custom API page as standard doesn't allow insert"},"Apply_to_each_2":{"foreach":"@outputs('Find_records_(V3)')?['body/value']","actions":{"Create_record_(V3)_-_Default_Dimension_2":{"runAfter":{},"metadata":{"operationMetadataId":"4368a946-e72b-4450-acc8-a9a35e26c0b7"},"type":"OpenApiConnection","inputs":{"host":{"apiId":"/providers/Microsoft.PowerApps/apis/shared_dynamicssmbsaas","connectionName":"shared_dynamicssmbsaas","operationId":"PostItemV3"},"parameters":{"bcenvironment":"PRODUCTION","company":"1cd5e4e1-de93-40ce-825b-4a3444a4e65a","dataset":"v2.0","table":"defaultDimensions","item/parentType":"Item","item/parentId":"@outputs('Get_record_(V3)')?['body/id']","item/dimensionId":"@variables('Item Group Dimension ID')","item/dimensionValueId":"@items('Apply_to_each_2')?['id']","item/postingValidation":"Same Code"},"authentication":"@parameters('$authentication')"}}},"runAfter":{"Create_record_(V3)":["Succeeded"]},"metadata":{"operationMetadataId":"fb40f7d6-6482-4384-af26-4523707e7a61"},"type":"Foreach"}},"runAfter":{"Find_records_(V3)":["Failed"]},"metadata":{"operationMetadataId":"c2ff9c60-1d0c-442e-b2ff-c4c3e480191f"},"type":"Scope","description":"When the dimension is not found then it must be created before the default dimension"},"Item_Group_Dimension_ID":{"runAfter":{},"metadata":{"operationMetadataId":"7e1bfb38-db93-4759-bfb8-a83d324591fb"},"type":"InitializeVariable","inputs":{"variables":[{"name":"Item Group Dimension ID","type":"string","value":"45e8b9c6-2a6e-ec11-bf27-0022481b4326"}]},"description":"Add the Dimension ID from your database for the Item Group Dimension Code"}}},"connectionReferences":{"shared_dynamicssmbsaas":{"connectionName":"87b1002f52c24e6888c971523a6d3043","source":"Embedded","id":"/providers/Microsoft.PowerApps/apis/shared_dynamicssmbsaas","tier":"NotSpecified"}},"flowFailureAlertSubscribed":false}}