{"name":"fd6aff00-99a7-4f24-9594-4030d1fe1f45","id":"/providers/Microsoft.Flow/flows/fd6aff00-99a7-4f24-9594-4030d1fe1f45","type":"Microsoft.Flow/flows","properties":{"apiId":"/providers/Microsoft.PowerApps/apis/shared_logicflows","displayName":"Multi Company Approval","definition":{"metadata":{"workflowEntityId":null,"processAdvisorMetadata":null,"flowclientsuspensionreason":"None","flowclientsuspensiontime":null,"creator":{"id":"f7540a60-18b6-4365-b408-5d3a5d760785","type":"User","tenantId":"aa0bc99f-c7dc-4baf-bd9f-f4362c21a116"},"provisioningMethod":"FromDefinition","failureAlertSubscription":true,"clientLastModifiedTime":"2022-04-27T15:04:31.7929616Z"},"$schema":"https://schema.management.azure.com/providers/Microsoft.Logic/schemas/2016-06-01/workflowdefinition.json#","contentVersion":"1.0.0.0","parameters":{"$connections":{"defaultValue":{},"type":"Object"},"$authentication":{"defaultValue":{},"type":"SecureObject"}},"triggers":{"manual":{"metadata":{"operationMetadataId":"7aeb9aff-4639-46a1-828d-e67ac7d194b8"},"type":"Request","kind":"PowerApp","inputs":{"schema":{"type":"object","properties":{"ParseJSON_Content":{"type":"any","x-ms-powerflows-param-ispartial":false}},"required":["ParseJSON_Content"]}}}},"actions":{"Parse_JSON":{"runAfter":{"CurrentSystemID":["Succeeded"]},"metadata":{"operationMetadataId":"b03cd170-2a56-4545-8245-472fe98a8927"},"type":"ParseJson","inputs":{"content":"@triggerBody()['ParseJSON_Content']","schema":{"type":"array","items":{"type":"object","properties":{"Amount":{"type":"string"},"Amount_LCY":{"type":"string"},"Comment":{"type":"string"},"CompanyName":{"type":"string"},"Currency_Code":{"type":"string"},"Details":{"type":"string"},"Due_Date":{"type":"string"},"Id_SOD":{"type":"string"},"Sender_ID":{"type":"string"},"Status":{"type":"string"},"SystemId":{"type":"string"},"ToApprove":{"type":"string"},"Type":{"type":"string"}},"required":["Amount","Amount_LCY","Comment","CompanyName","Currency_Code","Details","Due_Date","Id_SOD","Sender_ID","Status","SystemId","ToApprove","Type"]}}}},"Apply_to_each":{"foreach":"@body('Parse_JSON')","actions":{"Set_variable":{"runAfter":{},"metadata":{"operationMetadataId":"78431df0-266b-4c12-be39-41f1f406ac42"},"type":"SetVariable","inputs":{"name":"CurrentSystemID","value":"@items('Apply_to_each')['SystemId']"}},"Switch":{"runAfter":{"Set_variable":["Succeeded"]},"cases":{"Approve":{"case":"Approve","actions":{"Custom_Approve_Action":{"runAfter":{},"metadata":{"operationMetadataId":"80401b40-7907-4139-8dd2-4ed7c34eb8ad"},"type":"OpenApiConnection","inputs":{"host":{"apiId":"/providers/Microsoft.PowerApps/apis/shared_dynamicssmbsaas","connectionName":"shared_dynamicssmbsaas","operationId":"ExecuteProcedureV3"},"parameters":{"bcenvironment":"PRODUCTION","company":"@items('Apply_to_each')['Id_SOD']","dataset":"ja/jagrp/v2.0","procedure":"approvalAction-multiApprove","parameters":{"id":"@{variables('CurrentSystemID')}"}},"authentication":{"value":"@json(decodeBase64(triggerOutputs().headers['X-MS-APIM-Tokens']))['$ConnectionKey']","type":"Raw"}}}}},"Reject":{"case":"Reject","actions":{"Custom_Reject_Action":{"runAfter":{},"type":"OpenApiConnection","inputs":{"host":{"apiId":"/providers/Microsoft.PowerApps/apis/shared_dynamicssmbsaas","connectionName":"shared_dynamicssmbsaas","operationId":"ExecuteProcedureV3"},"parameters":{"bcenvironment":"PRODUCTION","company":"@items('Apply_to_each')['Id_SOD']","dataset":"ja/jagrp/v2.0","procedure":"approvalAction-multiReject","parameters":{"id":"@{variables('CurrentSystemID')}"}},"authentication":{"value":"@json(decodeBase64(triggerOutputs().headers['X-MS-APIM-Tokens']))['$ConnectionKey']","type":"Raw"}}}}},"Delegate":{"case":"Delegate","actions":{"Custom_Delegate_Action":{"runAfter":{},"type":"OpenApiConnection","inputs":{"host":{"apiId":"/providers/Microsoft.PowerApps/apis/shared_dynamicssmbsaas","connectionName":"shared_dynamicssmbsaas","operationId":"ExecuteProcedureV3"},"parameters":{"bcenvironment":"PRODUCTION","company":"@items('Apply_to_each')['Id_SOD']","dataset":"ja/jagrp/v2.0","procedure":"approvalAction-multiDelegate","parameters":{"id":"@{variables('CurrentSystemID')}"}},"authentication":{"value":"@json(decodeBase64(triggerOutputs().headers['X-MS-APIM-Tokens']))['$ConnectionKey']","type":"Raw"}}}}}},"default":{"actions":{}},"expression":"@items('Apply_to_each')['Type']","metadata":{"operationMetadataId":"fb829d43-98de-4eed-9db0-9745df5f8132"},"type":"Switch"}},"runAfter":{"Parse_JSON":["Succeeded"]},"metadata":{"operationMetadataId":"bdd03342-215c-4d02-9910-dd8fc082eb5c"},"type":"Foreach"},"CurrentSystemID":{"runAfter":{},"metadata":{"operationMetadataId":"634c0803-8df2-4964-887d-04ea67c4af2f"},"type":"InitializeVariable","inputs":{"variables":[{"name":"CurrentSystemID","type":"string"}]}}},"outputs":{},"description":"Create one or more actions to happen when a button or link in Power Apps is selected. To use this flow from a Power App, select the control you want to trigger the flow and go to the Action tab in the Power Apps ribbon and select Flows."},"connectionReferences":{"shared_dynamicssmbsaas":{"connectionName":"87b1002f52c24e6888c971523a6d3043","source":"Invoker","id":"/providers/Microsoft.PowerApps/apis/shared_dynamicssmbsaas","tier":"NotSpecified"}},"flowFailureAlertSubscribed":false,"isManaged":false}}