{"name":"233f820b-7cbc-4ba4-a7ba-6464a7566c5c","id":"/providers/Microsoft.Flow/flows/233f820b-7cbc-4ba4-a7ba-6464a7566c5c","type":"Microsoft.Flow/flows","properties":{"apiId":"/providers/Microsoft.PowerApps/apis/shared_logicflows","displayName":"Get Access Token BC","definition":{"metadata":{"workflowEntityId":null,"processAdvisorMetadata":null,"flowclientsuspensionreason":"None","flowclientsuspensiontime":null,"creator":{"id":"19c5e7da-35ed-426b-becf-ffc401b41feb","type":"User","tenantId":"abbbec25-9434-4279-be85-b1e2fc8e94c5"},"provisioningMethod":"FromDefinition","failureAlertSubscription":true,"clientLastModifiedTime":"2022-03-01T11:10:02.2415419Z"},"$schema":"https://schema.management.azure.com/providers/Microsoft.Logic/schemas/2016-06-01/workflowdefinition.json#","contentVersion":"1.0.0.0","parameters":{"$authentication":{"defaultValue":{},"type":"SecureObject"}},"triggers":{"manual":{"metadata":{"operationMetadataId":"3aa92171-b743-401f-aa16-de45cc16ca40"},"type":"Request","kind":"Http","inputs":{"method":"GET"}}},"actions":{"Get_Access_Token":{"runAfter":{"Compose":["Succeeded"]},"metadata":{"operationMetadataId":"392ef128-31ea-4fad-8d3f-f94bf3863b4c"},"type":"Http","inputs":{"method":"POST","uri":"https://login.microsoftonline.com/aa0bc99f-c7dc-4baf-bd9f-f4362c21a116/oauth2/v2.0/token","headers":{"Content-Type":"application/x-www-form-urlencoded"},"body":"@outputs('Compose')","authentication":{"type":"Basic","username":"@variables('UN')","password":"@variables('PW')"}}},"PW":{"runAfter":{"UN":["Succeeded"]},"metadata":{"operationMetadataId":"5ebc2846-7bc3-4531-a708-b26613e1c988"},"type":"InitializeVariable","inputs":{"variables":[{"name":"PW","type":"string"}]},"description":"Add the password for the username chosen above"},"UN":{"runAfter":{},"metadata":{"operationMetadataId":"3a38603a-909b-440b-82da-cdb56070f10c"},"type":"InitializeVariable","inputs":{"variables":[{"name":"UN","type":"string"}]},"description":"Add the username of a BC licensed user"},"Compose":{"runAfter":{"PW":["Succeeded"]},"metadata":{"operationMetadataId":"2d5e25f9-8a63-4601-8149-a8e90d0b70c6"},"type":"Compose","inputs":"@concat('grant_type=',encodeUriComponent('client_credentials'),'&scope=',encodeUriComponent('https://api.businesscentral.dynamics.com/.default'),'&client_id=',encodeUriComponent('your_client_ID'),'&client_secret=',encodeUriComponent('your_client_secret'))","description":"Replace your_client_ID and your_client_secret with the values for your tenant"},"Send_New_Access_Token":{"runAfter":{"Parse_JSON":["Succeeded"]},"metadata":{"operationMetadataId":"31943708-e8a6-462c-9675-befd0474cae4"},"type":"Response","kind":"Http","inputs":{"statusCode":200,"body":{"token":"@body('Parse_JSON')?['access_token']"},"schema":{"type":"object","properties":{"token":{"type":"string"}}}}},"Parse_JSON":{"runAfter":{"Get_Access_Token":["Succeeded"]},"metadata":{"operationMetadataId":"937020a3-078a-4b7c-a161-f885fba6c9e2"},"type":"ParseJson","inputs":{"content":"@body('Get_Access_Token')","schema":{"type":"object","properties":{"token_type":{"type":"string"},"expires_in":{"type":"integer"},"ext_expires_in":{"type":"integer"},"access_token":{"type":"string"}}}}}}},"connectionReferences":{},"flowFailureAlertSubscribed":false}}