{"name":"c6f6d103-4e1e-414c-b966-08159abf9ca4","id":"/providers/Microsoft.Flow/flows/c6f6d103-4e1e-414c-b966-08159abf9ca4","type":"Microsoft.Flow/flows","properties":{"apiId":"/providers/Microsoft.PowerApps/apis/shared_logicflows","displayName":"React to BC Customer Payment","definition":{"metadata":{"workflowEntityId":null,"processAdvisorMetadata":null,"flowChargedByPaygo":null,"flowclientsuspensionreason":"None","flowclientsuspensiontime":null,"flowclientsuspensionreasondetails":null,"creator":{"id":"f7540a60-18b6-4365-b408-5d3a5d760785","type":"User","tenantId":"aa0bc99f-c7dc-4baf-bd9f-f4362c21a116"},"provisioningMethod":"FromDefinition","failureAlertSubscription":false,"clientLastModifiedTime":"2023-07-17T10:31:35.5591719Z"},"$schema":"https://schema.management.azure.com/providers/Microsoft.Logic/schemas/2016-06-01/workflowdefinition.json#","contentVersion":"1.0.0.0","parameters":{"$connections":{"defaultValue":{},"type":"Object"},"$authentication":{"defaultValue":{},"type":"SecureObject"}},"staticResults":{"Create_file0":{"status":"Succeeded","outputs":{"statusCode":"OK","headers":{}}}},"triggers":{"When_a_business_event_occurs_(V3)":{"splitOn":"@triggerOutputs()?['body/value']","metadata":{"operationMetadataId":"1e0b26a3-de80-433d-82aa-b8a3e8c32242"},"type":"OpenApiConnectionWebhook","inputs":{"host":{"apiId":"/providers/Microsoft.PowerApps/apis/shared_dynamicssmbsaas","connectionName":"shared_dynamicssmbsaas","operationId":"CreateBusinessEventSubscriptionV3"},"parameters":{"bcenvironment":"SANDBOX","businessevent":"SalesPaymentPosted(6f2c034f-5ebe-4eae-b34c-90a0d4e87687)","company":""},"authentication":"@parameters('$authentication')"}}},"actions":{"Find_records_(V3)":{"runAfter":{"customer":["Succeeded"]},"metadata":{"operationMetadataId":"7ef03a7e-f946-44a7-9825-8096f32a28b9"},"type":"OpenApiConnection","inputs":{"host":{"apiId":"/providers/Microsoft.PowerApps/apis/shared_dynamicssmbsaas","connectionName":"shared_dynamicssmbsaas","operationId":"GetItemsV3"},"parameters":{"bcenvironment":"SANDBOX","company":"@triggerOutputs()?['body/$companyId']","dataset":"ja/jagrp/v2.0","table":"cles","$filter":"customerNo eq '@{outputs('customer')?['body/number']}' and documentType eq 'Payment'","$orderby":"documentNo desc","$top":1},"authentication":"@parameters('$authentication')"}},"customer":{"runAfter":{},"metadata":{"operationMetadataId":"f3e75081-f338-4624-a01c-38e9d33376ad"},"type":"OpenApiConnection","inputs":{"host":{"apiId":"/providers/Microsoft.PowerApps/apis/shared_dynamicssmbsaas","connectionName":"shared_dynamicssmbsaas","operationId":"GetItemV3"},"parameters":{"bcenvironment":"SANDBOX","company":"@triggerOutputs()?['body/$companyId']","dataset":"v2.0","table":"customers","id":"@triggerOutputs()?['body/CustomerId']"},"authentication":"@parameters('$authentication')"}},"Send_an_email_(V2)":{"runAfter":{"Get_file_content":["Succeeded"]},"metadata":{"operationMetadataId":"b61ce267-0b86-49b7-add8-eaf705e2bc27"},"type":"OpenApiConnection","inputs":{"host":{"apiId":"/providers/Microsoft.PowerApps/apis/shared_office365","connectionName":"shared_office365","operationId":"SendEmailV2"},"parameters":{"emailMessage/To":"@outputs('customer')?['body/email']","emailMessage/Subject":"Payment Receipt","emailMessage/Body":"<p>Thank you for your payment.<br>\n<br>\nPlease find attached your payment receipt.<br>\n<br>\nThanks Contoso</p>","emailMessage/Attachments":[{"Name":"@outputs('Create_file')?['body/Name']","ContentBytes":"@body('Get_file_content')"}],"emailMessage/Importance":"Normal"},"authentication":"@parameters('$authentication')"}},"Create_file":{"runAfter":{"Convert_Base64_to_Binary":["Succeeded"]},"metadata":{"operationMetadataId":"e2bf7a19-b49e-48b4-ac49-38473f1234c2"},"type":"OpenApiConnection","inputs":{"host":{"apiId":"/providers/Microsoft.PowerApps/apis/shared_onedriveforbusiness","connectionName":"shared_onedriveforbusiness","operationId":"CreateFile"},"parameters":{"folderPath":"/Attachments","name":"Payment_Receipt.pdf","body":"@outputs('Convert_Base64_to_Binary')"},"authentication":"@parameters('$authentication')"},"runtimeConfiguration":{"contentTransfer":{"transferMode":"Chunked"},"staticResult":{"staticResultOptions":"Disabled","name":"Create_file0"}}},"Get_file_content":{"runAfter":{"Create_file":["Succeeded"]},"metadata":{"operationMetadataId":"e71c1b23-037f-43ec-9af3-bc9959bf315e"},"type":"OpenApiConnection","inputs":{"host":{"apiId":"/providers/Microsoft.PowerApps/apis/shared_onedriveforbusiness","connectionName":"shared_onedriveforbusiness","operationId":"GetFileContent"},"parameters":{"id":"@outputs('Create_file')?['body/Id']","inferContentType":true},"authentication":"@parameters('$authentication')"}},"Base64_String":{"runAfter":{"Base64Pdf_Object":["Succeeded"]},"metadata":{"operationMetadataId":"b9b8e15b-03b5-441b-8b73-fca741f7b4bc"},"type":"Compose","inputs":"@body('Parse_JSON_3')?['value']"},"Base64Pdf_Object":{"runAfter":{"Get_pdf_as_bas64_string":["Succeeded"]},"metadata":{"operationMetadataId":"9e54de1d-e16a-49c8-af32-016e71a71e4e"},"type":"InitializeVariable","inputs":{"variables":[{"name":"body","type":"object","value":"@body('Parse_JSON_3')"}]}},"Convert_Base64_to_Binary":{"runAfter":{"Base64_String":["Succeeded"]},"metadata":{"operationMetadataId":"e57c1dd2-f17d-4e9f-8919-5ca1d10b3b41"},"type":"Compose","inputs":"@base64ToBinary(variables('body')['Base64Pdf'])","description":"base64ToBinary(variables('body')['Base64Pdf'])"},"retrieve_PDF_from_BC":{"actions":{"Call_Child_Flow_to_Get_Token":{"runAfter":{},"metadata":{"operationMetadataId":"79b76461-ceb9-40e3-b012-acf9365e3fb4"},"type":"Http","inputs":{"method":"GET","uri":"https://prod-23.uksouth.logic.azure.com:443/workflows/e26455439e3e4323bbf291e385efbdf0/triggers/manual/paths/invoke?api-version=2016-06-01&sp=%2Ftriggers%2Fmanual%2Frun&sv=1.0&sig=fnaK-xz1PEhmATV-AC5G1apkZ-xBlTeRA1IGf4a2KuE"},"description":"No authentication is needed here."},"Parse_JSON":{"runAfter":{"Call_Child_Flow_to_Get_Token":["Succeeded"]},"metadata":{"operationMetadataId":"88558568-cf2c-4e02-ab46-a26d61dcbf91"},"type":"ParseJson","inputs":{"content":"@body('Call_Child_Flow_to_Get_Token')","schema":{"type":"object","properties":{"token":{"type":"string"}}}}},"Call_BC_Web_Service_for_some_data":{"runAfter":{"Parse_JSON":["Succeeded"]},"metadata":{"operationMetadataId":"05ab2c0f-68b3-46e3-99c3-4d4fcd1f36f9"},"type":"Http","inputs":{"method":"POST","uri":"https://api.businesscentral.dynamics.com/v2.0/aa0bc99f-c7dc-4baf-bd9f-f4362c21a116/sandbox/ODataV4/ProcessReport_GetCustomerPaymentReportPDF?company='@{encodeUriComponent(triggerOutputs()?['body/$companyName'])}'","headers":{"Content-Type":"application/json","Authorization":"Bearer @{body('Parse_JSON')?['token']}"},"body":{"jsonText":"{\"Customer No\":\"@{body('Find_records_(V3)')?['value']?[0]?['customerNo']}\",\"Document No\":\"@{body('Find_records_(V3)')?['value']?[0]?['documentNo']}\",\"Report ID\":\"211\"}"}}}},"runAfter":{"Find_records_(V3)":["Succeeded"]},"metadata":{"operationMetadataId":"0629df5e-3b4c-4739-8d62-3795d0c58d82"},"type":"Scope"},"Get_pdf_as_bas64_string":{"actions":{"base64":{"runAfter":{},"metadata":{"operationMetadataId":"6be94db0-5f90-42ea-9fa9-95072f420b38"},"type":"ParseJson","inputs":{"content":"@body('Call_BC_Web_Service_for_some_data')","schema":{"type":"object","properties":{"@@odata.context":{"type":"string"},"value":{"type":"string"}}}}},"Compose":{"runAfter":{"base64":["Succeeded"]},"metadata":{"operationMetadataId":"b6ea52a6-b98f-4ed7-9bf2-da5d3670f764"},"type":"Compose","inputs":"@body('base64')?['value']"},"Parse_JSON_3":{"runAfter":{"Compose":["Succeeded"]},"metadata":{"operationMetadataId":"cd2f905e-2a9d-4a0e-b47a-ac3ec4afd699"},"type":"ParseJson","inputs":{"content":"@outputs('Compose')","schema":{"type":"object","properties":{"@@odata.context":{"type":"string"},"value":{"type":"string"}}}}}},"runAfter":{"retrieve_PDF_from_BC":["Succeeded"]},"metadata":{"operationMetadataId":"9b84fffa-a8b6-4017-9bdf-edad31801f6b"},"type":"Scope"}},"outputs":{}},"connectionReferences":{"shared_dynamicssmbsaas":{"connectionName":"87b1002f52c24e6888c971523a6d3043","source":"Embedded","id":"/providers/Microsoft.PowerApps/apis/shared_dynamicssmbsaas","tier":"NotSpecified"},"shared_office365":{"connectionName":"shared-office365-8db0b280-b1ce-47ec-ac44-f0af3c56d174","source":"Embedded","id":"/providers/Microsoft.PowerApps/apis/shared_office365","tier":"NotSpecified"},"shared_onedriveforbusiness":{"connectionName":"a0206bd8e9e7410eacdfeb5dfc9dd778","source":"Embedded","id":"/providers/Microsoft.PowerApps/apis/shared_onedriveforbusiness","tier":"NotSpecified"}},"flowFailureAlertSubscribed":false,"isManaged":false}}