{"name":"5301fa9d-8c90-4614-abb2-3a8fdecb9df5","id":"/providers/Microsoft.Flow/flows/5301fa9d-8c90-4614-abb2-3a8fdecb9df5","type":"Microsoft.Flow/flows","properties":{"apiId":"/providers/Microsoft.PowerApps/apis/shared_logicflows","displayName":"Check OOO PI Approval","definition":{"metadata":{"workflowEntityId":null,"processAdvisorMetadata":null,"flowclientsuspensionreason":"None","flowclientsuspensiontime":null,"creator":{"id":"f7540a60-18b6-4365-b408-5d3a5d760785","type":"User","tenantId":"aa0bc99f-c7dc-4baf-bd9f-f4362c21a116"},"provisioningMethod":"FromDefinition","failureAlertSubscription":true,"clientLastModifiedTime":"2022-06-13T19:45:47.716051Z"},"$schema":"https://schema.management.azure.com/providers/Microsoft.Logic/schemas/2016-06-01/workflowdefinition.json#","contentVersion":"1.0.0.0","parameters":{"$connections":{"defaultValue":{},"type":"Object"},"$authentication":{"defaultValue":{},"type":"SecureObject"}},"triggers":{"When_a_purchase_document_approval_is_requested":{"metadata":{"operationMetadataId":"24a6a041-f44f-4535-9efb-0d9d7f78f991","flowSystemMetadata":{"swaggerOperationId":"CreatePurchaseDocumentApprovalWebHookV3"}},"type":"ApiConnectionWebhook","inputs":{"host":{"connection":{"name":"@parameters('$connections')['shared_dynamicssmbsaas']['connectionId']"},"api":{"runtimeUrl":"https://uk-001.azure-apim.net/apim/dynamicssmbsaas"}},"body":{"NotificationUrl":"@listCallbackUrl()","HeaderFirstConditionField":"documentType","HeaderFirstConditionFieldValue":"Invoice","HeaderSecondConditionField":"status","HeaderSecondConditionFieldValue":"Open","HeaderThirdConditionField":"amountIncludingVat","HeaderThirdConditionFieldValue":">0"},"path":"/v3/bcenvironments/@{encodeURIComponent(encodeURIComponent('SANDBOX'))}/companies/@{encodeURIComponent(encodeURIComponent('2ccf1a8b-15ab-ec11-bb8a-000d3a2a8318'))}/webhook/v1/purchasedocumentapproval","authentication":"@parameters('$authentication')"}}},"actions":{"Get_record":{"runAfter":{},"metadata":{"operationMetadataId":"602365fe-ab00-4f00-aa3e-c47f4374c74f","flowSystemMetadata":{"swaggerOperationId":"GetItemV3"}},"type":"ApiConnection","inputs":{"host":{"connection":{"name":"@parameters('$connections')['shared_dynamicssmbsaas']['connectionId']"},"api":{"runtimeUrl":"https://uk-001.azure-apim.net/apim/dynamicssmbsaas"}},"method":"get","path":"/v3/bcenvironments/@{encodeURIComponent(encodeURIComponent('SANDBOX'))}/companies/@{encodeURIComponent(encodeURIComponent('2ccf1a8b-15ab-ec11-bb8a-000d3a2a8318'))}/datasets/@{encodeURIComponent(encodeURIComponent('workflowEndpoints'))}/tables/@{encodeURIComponent(encodeURIComponent('workflowPurchaseDocuments'))}/items/@{encodeURIComponent(encodeURIComponent(triggerBody()?['Row Id']))}","authentication":"@parameters('$authentication')"}},"Find_Direct_Approver":{"runAfter":{"Length_of_Requested_User_Email_Address":["Succeeded"]},"metadata":{"operationMetadataId":"8a0f26f0-d897-432a-9af3-1a66f980c765","flowSystemMetadata":{"swaggerOperationId":"GetItemsV3"}},"type":"ApiConnection","inputs":{"host":{"connection":{"name":"@parameters('$connections')['shared_dynamicssmbsaas']['connectionId']"},"api":{"runtimeUrl":"https://uk-001.azure-apim.net/apim/dynamicssmbsaas"}},"method":"get","path":"/v3/bcenvironments/@{encodeURIComponent(encodeURIComponent('SANDBOX'))}/companies/@{encodeURIComponent(encodeURIComponent('2ccf1a8b-15ab-ec11-bb8a-000d3a2a8318'))}/datasets/@{encodeURIComponent(encodeURIComponent('ja/jagrp/v2.0'))}/tables/@{encodeURIComponent(encodeURIComponent('approvalUserSetups'))}/items","queries":{"$filter":"userID eq '@{substring(triggerBody()?['Requested By User Email'], 0, sub(outputs('Length_of_Requested_User_Email_Address'), 31))}'","$top":1},"authentication":"@parameters('$authentication')"}},"Length_of_Requested_User_Email_Address":{"runAfter":{"Email":["Succeeded"]},"metadata":{"operationMetadataId":"2920a3c9-4b44-49e9-8262-e8e432d083a9"},"type":"Compose","inputs":"@int(length(triggerBody()?['Requested By User Email']))"},"Get_1st_approver_value":{"runAfter":{"Find_Direct_Approver":["Succeeded"]},"metadata":{"operationMetadataId":"b1547eef-558a-4359-bc28-52a87b9e3e51"},"type":"Compose","inputs":"@first(body('Find_Direct_Approver')?['value'])"},"Get_mail_tips_for_a_mailbox_(V2)":{"runAfter":{"Get_1st_approver_value":["Succeeded"]},"metadata":{"operationMetadataId":"74e4e554-c5b2-4bfd-8a30-ee37ed8ec61f","flowSystemMetadata":{"swaggerOperationId":"GetMailTips_V2"}},"type":"ApiConnection","inputs":{"host":{"connection":{"name":"@parameters('$connections')['shared_office365']['connectionId']"},"api":{"runtimeUrl":"https://uk-001.azure-apim.net/apim/office365"}},"method":"post","body":{"MailTipsOptions":"automaticReplies, deliveryRestriction, externalMemberCount, mailboxFullStatus, maxMessageSize, moderationStatus, totalMemberCount","EmailAddresses":["@{concat(outputs('Get_1st_approver_value')?['approverID'],'@xpeditiondemo1.onmicrosoft.com')}"]},"path":"/codeless/v1.0/me/getMailTips","authentication":"@parameters('$authentication')"}},"Condition":{"actions":{"Find_Substitute_Approver":{"runAfter":{},"metadata":{"operationMetadataId":"321e8a06-d57e-45a7-9e5e-622bb9ecb7c3","flowSystemMetadata":{"swaggerOperationId":"GetItemsV3"}},"type":"ApiConnection","inputs":{"host":{"connection":{"name":"@parameters('$connections')['shared_dynamicssmbsaas']['connectionId']"},"api":{"runtimeUrl":"https://uk-001.azure-apim.net/apim/dynamicssmbsaas"}},"method":"get","path":"/v3/bcenvironments/@{encodeURIComponent(encodeURIComponent('SANDBOX'))}/companies/@{encodeURIComponent(encodeURIComponent('2ccf1a8b-15ab-ec11-bb8a-000d3a2a8318'))}/datasets/@{encodeURIComponent(encodeURIComponent('ja/jagrp/v2.0'))}/tables/@{encodeURIComponent(encodeURIComponent('approvalUserSetups'))}/items","queries":{"$filter":"userID eq @{concat('''',outputs('Get_1st_approver_value')?['approverID'],'''')}","$top":1},"authentication":"@parameters('$authentication')"}},"Start_and_wait_for_an_approval_-_with_substitute":{"runAfter":{"Substitute_Approver":["Succeeded"]},"metadata":{"operationMetadataId":"e87d72d0-fb77-4729-8eec-6d928d7f0965","flowSystemMetadata":{"swaggerOperationId":"StartAndWaitForAnApproval"}},"type":"ApiConnectionWebhook","inputs":{"host":{"connection":{"name":"@parameters('$connections')['shared_approvals']['connectionId']"},"api":{"runtimeUrl":"https://uk-001.azure-apim.net/apim/approvals"}},"body":{"notificationUrl":"@{listCallbackUrl()}","title":"Purchase Invoice Approval Request @{body('Get_record')?['number']}","assignedTo":"@{concat(outputs('Substitute_Approver')?['substitute'],variables('Email_Domain'))};","enableNotifications":true,"enableReassignment":true},"path":"/types/@{encodeURIComponent('Basic')}/subscriptions","authentication":"@parameters('$authentication')"}},"Substitute_Approver":{"runAfter":{"Find_Substitute_Approver":["Succeeded"]},"metadata":{"operationMetadataId":"6d9557a4-69fa-4b0e-88a7-b2aea617bebb"},"type":"Compose","inputs":"@first(body('Find_Substitute_Approver')?['value'])"},"Condition_2":{"actions":{"Approve_Request":{"runAfter":{},"metadata":{"operationMetadataId":"2a7b2a63-13c8-489d-9692-c7880c57f428","flowSystemMetadata":{"swaggerOperationId":"ExecuteProcedureV3"}},"type":"ApiConnection","inputs":{"host":{"connection":{"name":"@parameters('$connections')['shared_dynamicssmbsaas']['connectionId']"},"api":{"runtimeUrl":"https://uk-001.azure-apim.net/apim/dynamicssmbsaas"}},"method":"post","body":{"workflowStepInstanceId":"@triggerBody()?['Workflow Step Id']"},"path":"/v3/bcenvironments/@{encodeURIComponent(encodeURIComponent('SANDBOX'))}/companies/@{encodeURIComponent(encodeURIComponent('2ccf1a8b-15ab-ec11-bb8a-000d3a2a8318'))}/datasets/@{encodeURIComponent(encodeURIComponent('workflowEndpoints'))}/procedures/@{encodeURIComponent(encodeURIComponent('WorkflowActionResponse_Approve'))}","authentication":"@parameters('$authentication')"}}},"runAfter":{"Start_and_wait_for_an_approval_-_with_substitute":["Succeeded"]},"else":{"actions":{"Reject_Request":{"runAfter":{},"metadata":{"operationMetadataId":"c056dfe3-68c8-4e36-bc68-c98c8c711ae5","flowSystemMetadata":{"swaggerOperationId":"ExecuteProcedureV3"}},"type":"ApiConnection","inputs":{"host":{"connection":{"name":"@parameters('$connections')['shared_dynamicssmbsaas']['connectionId']"},"api":{"runtimeUrl":"https://uk-001.azure-apim.net/apim/dynamicssmbsaas"}},"method":"post","body":{"workflowStepInstanceId":"@triggerBody()?['Workflow Step Id']"},"path":"/v3/bcenvironments/@{encodeURIComponent(encodeURIComponent('SANDBOX'))}/companies/@{encodeURIComponent(encodeURIComponent('2ccf1a8b-15ab-ec11-bb8a-000d3a2a8318'))}/datasets/@{encodeURIComponent(encodeURIComponent('workflowEndpoints'))}/procedures/@{encodeURIComponent(encodeURIComponent('WorkflowActionResponse_Reject'))}","authentication":"@parameters('$authentication')"}}}},"expression":{"equals":["@body('Start_and_wait_for_an_approval_-_with_substitute')?['outcome']","Approve"]},"metadata":{"operationMetadataId":"712fbcad-cdf2-4e73-80bb-5613c4e2c1ba"},"type":"If"}},"runAfter":{"Compose":["Succeeded"]},"else":{"actions":{"Start_and_wait_for_an_approval_-_with_in_office_approver":{"runAfter":{},"metadata":{"operationMetadataId":"a294f4e7-2c36-48ea-9220-5391962497c1","flowSystemMetadata":{"swaggerOperationId":"StartAndWaitForAnApproval"}},"type":"ApiConnectionWebhook","inputs":{"host":{"connection":{"name":"@parameters('$connections')['shared_approvals']['connectionId']"},"api":{"runtimeUrl":"https://uk-001.azure-apim.net/apim/approvals"}},"body":{"notificationUrl":"@{listCallbackUrl()}","title":"Purchase Invoice Approval Request @{body('Get_record')?['number']}","assignedTo":"@{concat(outputs('Get_1st_approver_value')?['approverID'],variables('Email_Domain'))};","enableNotifications":true,"enableReassignment":true},"path":"/types/@{encodeURIComponent('Basic')}/subscriptions","authentication":"@parameters('$authentication')"}},"Condition_3":{"actions":{"Approve_-_Original_Approver":{"runAfter":{},"metadata":{"operationMetadataId":"39f77e75-32d8-4c63-8131-a1de0fdec13b","flowSystemMetadata":{"swaggerOperationId":"ExecuteProcedureV3"}},"type":"ApiConnection","inputs":{"host":{"connection":{"name":"@parameters('$connections')['shared_dynamicssmbsaas']['connectionId']"},"api":{"runtimeUrl":"https://uk-001.azure-apim.net/apim/dynamicssmbsaas"}},"method":"post","body":{"workflowStepInstanceId":"@triggerBody()?['Workflow Step Id']"},"path":"/v3/bcenvironments/@{encodeURIComponent(encodeURIComponent('SANDBOX'))}/companies/@{encodeURIComponent(encodeURIComponent('2ccf1a8b-15ab-ec11-bb8a-000d3a2a8318'))}/datasets/@{encodeURIComponent(encodeURIComponent('workflowEndpoints'))}/procedures/@{encodeURIComponent(encodeURIComponent('WorkflowActionResponse_Approve'))}","authentication":"@parameters('$authentication')"}}},"runAfter":{"Start_and_wait_for_an_approval_-_with_in_office_approver":["Succeeded"]},"else":{"actions":{"Reject_-_Original_Approver":{"runAfter":{},"metadata":{"operationMetadataId":"bbd1e97f-56c8-4d90-a500-39200dbe0aea","flowSystemMetadata":{"swaggerOperationId":"ExecuteProcedureV3"}},"type":"ApiConnection","inputs":{"host":{"connection":{"name":"@parameters('$connections')['shared_dynamicssmbsaas']['connectionId']"},"api":{"runtimeUrl":"https://uk-001.azure-apim.net/apim/dynamicssmbsaas"}},"method":"post","body":{"workflowStepInstanceId":"@triggerBody()?['Workflow Step Id']"},"path":"/v3/bcenvironments/@{encodeURIComponent(encodeURIComponent('SANDBOX'))}/companies/@{encodeURIComponent(encodeURIComponent('2ccf1a8b-15ab-ec11-bb8a-000d3a2a8318'))}/datasets/@{encodeURIComponent(encodeURIComponent('workflowEndpoints'))}/procedures/@{encodeURIComponent(encodeURIComponent('WorkflowActionResponse_Reject'))}","authentication":"@parameters('$authentication')"}}}},"expression":{"equals":["@body('Start_and_wait_for_an_approval_-_with_in_office_approver')?['outcome']","Approve"]},"metadata":{"operationMetadataId":"96763752-93b2-458f-a5b1-b1733cc5eaeb"},"type":"If"}}},"expression":{"not":{"equals":["@outputs('Compose')?[0]?['automaticReplies']?['message']",""]}},"metadata":{"operationMetadataId":"85ff648d-3613-47d1-bcee-87023e3d587c"},"type":"If"},"Compose":{"runAfter":{"Get_mail_tips_for_a_mailbox_(V2)":["Succeeded"]},"metadata":{"operationMetadataId":"06bfc990-485e-479d-b27b-17bb48515492"},"type":"Compose","inputs":"@body('Get_mail_tips_for_a_mailbox_(V2)')?['value']"},"Email":{"runAfter":{"Get_record":["Succeeded"]},"metadata":{"operationMetadataId":"16b709c5-8ac8-44cc-b445-4d266fed9be7"},"type":"InitializeVariable","inputs":{"variables":[{"name":"Email_Domain","type":"string","value":"@@xpeditiondemo1.onmicrosoft.com"}]}}},"outputs":{},"description":"When a purchase invoice is created in Microsoft Dynamics 365 Business Central, send an approval request. On approval, allows additional actions to be taken on that purchasing document."},"connectionReferences":{"shared_dynamicssmbsaas":{"connectionName":"shared-dynamicssmbsa-8ec09d13-ec24-4077-acef-c0187b0d161c","source":"Embedded","id":"/providers/Microsoft.PowerApps/apis/shared_dynamicssmbsaas","tier":"NotSpecified"},"shared_office365":{"connectionName":"shared-office365-d7632518-0528-4da8-a96f-1816b5cf9b6f","source":"Embedded","id":"/providers/Microsoft.PowerApps/apis/shared_office365","tier":"NotSpecified"},"shared_approvals":{"connectionName":"shared-approvals-318608a7-a9a5-4e88-a2c6-ba97214788ec","source":"Embedded","id":"/providers/Microsoft.PowerApps/apis/shared_approvals","tier":"NotSpecified"}},"flowFailureAlertSubscribed":false,"isManaged":false}}