{"name":"59a215ca-93fb-404e-8f8c-765c3c93fcb7","id":"/providers/Microsoft.Flow/flows/59a215ca-93fb-404e-8f8c-765c3c93fcb7","type":"Microsoft.Flow/flows","properties":{"apiId":"/providers/Microsoft.PowerApps/apis/shared_logicflows","displayName":"Update Customer Price Group - Annual Update","definition":{"metadata":{"workflowEntityId":null,"processAdvisorMetadata":null,"flowclientsuspensionreason":"None","flowclientsuspensiontime":null,"creator":{"id":"f7540a60-18b6-4365-b408-5d3a5d760785","type":"User","tenantId":"aa0bc99f-c7dc-4baf-bd9f-f4362c21a116"},"provisioningMethod":"FromDefinition","failureAlertSubscription":true,"clientLastModifiedTime":"2022-04-22T19:49:28.3899044Z"},"$schema":"https://schema.management.azure.com/providers/Microsoft.Logic/schemas/2016-06-01/workflowdefinition.json#","contentVersion":"1.0.0.0","parameters":{"$connections":{"defaultValue":{},"type":"Object"},"$authentication":{"defaultValue":{},"type":"SecureObject"}},"triggers":{"Recurrence":{"recurrence":{"frequency":"Year","interval":1,"timeZone":"GMT Standard Time","startTime":"2021-03-16T00:00:00.0000000Z"},"metadata":{"operationMetadataId":"948c530a-b937-4d43-9f80-707a1f2eb0b6"},"type":"Recurrence","description":"An annual activity in the case of this example. The flow will start on the date shown and then run each year there after"}},"actions":{"Current_time":{"runAfter":{},"metadata":{"operationMetadataId":"396a6e44-abdb-497a-a29a-496c561bba5f"},"type":"Expression","kind":"CurrentTime","inputs":{}},"Find_records_-_customerSales":{"runAfter":{"AmtBoolean":["Succeeded"]},"metadata":{"operationMetadataId":"b3cd3aa1-9574-4dfc-8d62-efbd9c1e8eed"},"type":"OpenApiConnection","inputs":{"host":{"apiId":"/providers/Microsoft.PowerApps/apis/shared_dynamicssmbsaas","connectionName":"shared_dynamicssmbsaas","operationId":"GetItemsV3"},"parameters":{"bcenvironment":"PRODUCTION","company":"51faa3e9-0e37-ec11-a458-000d3a871e1b","dataset":"v2.0","table":"customerSales","$filter":"dateFilter_FilterOnly ge @{addDays(body('Current_time'),-365)} and dateFilter_FilterOnly le @{body('Current_time')}","$top":1},"authentication":"@parameters('$authentication')"},"description":"filtering on the sales activity from the date it runs going back 365 days - example 01/01/21..31/12/21 (in UTC format though)"},"List_rows_present_in_a_Pricing_Band_table":{"runAfter":{"Find_records_-_customerSales":["Succeeded"]},"metadata":{"01FAOR56UUZGKO2CFQA5DYA6FDMKHVDRB2":"/Business Central/Customer Price Group Bandings - Copy.xlsx","operationMetadataId":"3dd758f9-b90c-4707-b126-5c12b4d83fda","tableId":"{F9BA88A7-FEF6-435A-ADEF-CB9D52D6622A}"},"type":"OpenApiConnection","inputs":{"host":{"apiId":"/providers/Microsoft.PowerApps/apis/shared_excelonlinebusiness","connectionName":"shared_excelonlinebusiness","operationId":"GetItems"},"parameters":{"source":"me","drive":"b!XuPejafUYk2IfGAx_KKTqkFcRPPAMcZFvVcBbtZzShnWKqjzu8f5Q5a6sNiRNEY8","file":"01FAOR56UUZGKO2CFQA5DYA6FDMKHVDRB2","table":"{F9BA88A7-FEF6-435A-ADEF-CB9D52D6622A}"},"authentication":"@parameters('$authentication')"},"description":"Simple table with min and max values per pricing band"},"Apply_to_each":{"foreach":"@outputs('List_rows_present_in_a_Pricing_Band_table')?['body/value']","actions":{"Apply_to_each_2":{"foreach":"@outputs('Find_records_-_customerSales')?['body/value']","actions":{"Condition":{"actions":{"Update_record_(V3)":{"runAfter":{},"metadata":{"operationMetadataId":"f521fa13-246e-4812-8ee7-dcad6428eead"},"type":"OpenApiConnection","inputs":{"host":{"apiId":"/providers/Microsoft.PowerApps/apis/shared_dynamicssmbsaas","connectionName":"shared_dynamicssmbsaas","operationId":"PatchItemV3"},"parameters":{"bcenvironment":"PRODUCTION","company":"51faa3e9-0e37-ec11-a458-000d3a871e1b","dataset":"hougaard/SOD/v2.0","table":"custpricegrps","id":"@items('Apply_to_each_2')?['customerId']","item/CustomerPriceGroup":"@items('Apply_to_each')?['Code']"},"authentication":"@parameters('$authentication')"},"description":"Using the Simple Object Designer a customer API page has been produced for the Customer table exposing the Customer Price Group field. The correct pricing group from the Excel file is then updated or added"}},"runAfter":{"Set_AmtBoolean":["Succeeded"]},"expression":{"equals":["@variables('AmtBoolean')",true]},"metadata":{"operationMetadataId":"25004c04-344f-4069-8198-83454711ff79"},"type":"If","description":"When the correct pricing band is known this boolean will determine if an update to the customer record is required with the correct pricing band"},"Excel_Min_Amount_to_Float":{"runAfter":{},"metadata":{"operationMetadataId":"5edcbd7b-d502-442f-9f9b-e3899f549e42"},"type":"Compose","inputs":"@float(items('Apply_to_each')?['Min'])","description":"Excel passes the data as a text value. The float expression is used to convert the data. This allows it to be used in a later expression where multiple float values are assessed"},"Excel_Max_Amount_to_Float":{"runAfter":{"Excel_Min_Amount_to_Float":["Succeeded"]},"metadata":{"operationMetadataId":"45ec3f25-2e4e-4d43-aaff-99a0cded2756"},"type":"Compose","inputs":"@float(items('Apply_to_each')?['Max'])","description":"Excel passes the data as a text value. The float expression is used to convert the data. This allows it to be used in a later expression where multiple float values are assessed"},"Total_Customer_Sales_for_Year":{"runAfter":{"Excel_Max_Amount_to_Float":["Succeeded"]},"metadata":{"operationMetadataId":"8c74350c-e77e-4489-8b24-4aab479cded7"},"type":"Compose","inputs":"@items('Apply_to_each_2')?['totalSalesAmount']","description":"This value is used in an expression with the other float values."},"Set_AmtBoolean":{"runAfter":{"Total_Customer_Sales_for_Year":["Succeeded"]},"metadata":{"operationMetadataId":"ae264247-d044-4044-8110-02874f7b754d"},"type":"SetVariable","inputs":{"name":"AmtBoolean","value":"@if(and(lessOrEquals(outputs('Excel_Min_Amount_to_Float'), outputs('Total_Customer_Sales_for_Year')), greaterOrEquals(outputs('Excel_Max_Amount_to_Float'), outputs('Total_Customer_Sales_for_Year'))), true, false)"},"description":"If statement checks if the min amount is less than or equal to the total customer spend and whether the max amount is greater than or equal to the total customer spend. This is to determine if the current row of the Excel is the right pricing band"}},"runAfter":{},"metadata":{"operationMetadataId":"7c52c0c0-04c8-4b1b-a3de-35763ac2d98b"},"type":"Foreach","description":"Use the results from BC and loop through each value to determine which pricing band the sales from the chosen date filter fit into"}},"runAfter":{"List_rows_present_in_a_Pricing_Band_table":["Succeeded"]},"metadata":{"operationMetadataId":"33484951-91da-4efb-861f-b98515c5fef5"},"type":"Foreach","description":"Loop through the pricing band table"},"AmtBoolean":{"runAfter":{"Current_time":["Succeeded"]},"metadata":{"operationMetadataId":"63c1db8c-249a-446e-88d8-b4e7d8ccc8a6"},"type":"InitializeVariable","inputs":{"variables":[{"name":"AmtBoolean","type":"boolean"}]},"description":"Used for a condition whilst looping through customer Sales results and checking against the pricing group bands"}}},"connectionReferences":{"shared_dynamicssmbsaas":{"connectionName":"shared-dynamicssmbsa-c66a0205-460c-459f-a633-cb69-fa7ee28b","source":"Embedded","id":"/providers/Microsoft.PowerApps/apis/shared_dynamicssmbsaas","tier":"NotSpecified"},"shared_excelonlinebusiness":{"connectionName":"shared-excelonlinebu-73f6d692-0ebd-4bef-a7e5-cc3c34ccb3db","source":"Embedded","id":"/providers/Microsoft.PowerApps/apis/shared_excelonlinebusiness","tier":"NotSpecified"}},"flowFailureAlertSubscribed":false,"isManaged":false}}