{"schemaVersion":"1.0","appDefinitionTemplate":{"id":"/providers/Microsoft.PowerApps/apps/","type":"Microsoft.PowerApps/apps","tags":{"primaryDeviceWidth":"1136","primaryDeviceHeight":"640","supportsPortrait":"true","supportsLandscape":"true","primaryFormFactor":"Phone","publisherVersion":"3.22043.14","minimumRequiredApiVersion":"2.2.0","hasComponent":"false","hasUnlockedComponent":"false","isUnifiedRootApp":"false","sienaVersion":"20220428T092734Z-3.22043.14.0"},"properties":{"appVersion":"2022-04-28T09:27:34Z","lifeCycleId":"Published","createdByClientVersion":{"major":3,"minor":22043,"build":14,"revision":0,"majorRevision":0,"minorRevision":0},"minClientVersion":{"major":3,"minor":22043,"build":14,"revision":0,"majorRevision":0,"minorRevision":0},"backgroundColor":"RGBA(0,176,240,1)","backgroundImageUri":"/18389741627964248417/N324f65ab-2cdb-4138-90de-2fb25141259b-logoSmallFile","displayName":"Multi-Company Approvals","description":"","commitMessage":"","appUris":{"documentUri":{"value":"/18389741627964248417/Ncede8cb7-81a2-4690-afb3-7137fd9974f7-document.msapp"},"imageUris":[]},"createdTime":"0001-01-01T00:00:00Z","lastModifiedTime":"0001-01-01T00:00:00Z","sharedGroupsCount":0,"sharedUsersCount":0,"icons":{"smallIconUri":"/18389741627964248417/N47af6db9-8733-48d4-b9c8-6a02614ee6db-small.png","mediumIconUri":"/18389741627964248417/N13b4ab81-a873-4ba5-a68e-1b3c67c46a1c-medium.png","largeIconUri":"/18389741627964248417/Ne989cc9e-e424-4ce2-843d-da0397e0557f-large.png","wideIconUri":"/18389741627964248417/N34bcaa85-81ef-457b-ba42-c874bb315480-wide.png"},"connectionReferences":{"8f85d1a2-cd81-4b1a-a084-0d22c155680c":{"id":"c0dee6c8-982a-44ab-80ed-15e4a2466051","displayName":"Logic flows","iconUri":"https://connectoricons-prod.azureedge.net/releases/v1.0.1534/1.0.1534.2605/logicflows/icon.png","dataSources":["MultiCompanyApproval"],"dependencies":["33b13726-e135-4806-99b6-d41f5ea6a035"],"dependents":[],"parameterHints":{"workflowName":{"value":"dfa01e08-a96a-40fd-9050-dfd6ac8083f5"},"workflowEntityId":{},"33b13726-e135-4806-99b6-d41f5ea6a035":{"value":"shared_dynamicssmbsaas"}},"parameterHintsV2":{"workflowName":{"value":"dfa01e08-a96a-40fd-9050-dfd6ac8083f5"},"workflowEntityId":{},"shared_dynamicssmbsaas":{"value":"33b13726-e135-4806-99b6-d41f5ea6a035"}},"isOnPremiseConnection":false,"bypassConsent":false,"dataSets":{},"apiTier":"Standard","isCustomApiConnection":false,"actions":["Run"],"nestedActions":[{"id":"/providers/Microsoft.PowerApps/apis/shared_dynamicssmbsaas/apiOperations/ExecuteProcedureV3","apiName":"Business Central","actionName":"ExecuteProcedureV3","referencedResources":[]}]},"33b13726-e135-4806-99b6-d41f5ea6a035":{"id":"7b4b2dec-f7a0-46b3-abd6-ad83b22f2e24","displayName":"Business Central","iconUri":"https://connectoricons-prod.azureedge.net/releases/v1.0.1563/1.0.1563.2732/dynamicssmbsaas/icon.png","dataSources":[],"dependencies":[],"dependents":["8f85d1a2-cd81-4b1a-a084-0d22c155680c"],"parameterHints":{},"parameterHintsV2":{},"isOnPremiseConnection":false,"bypassConsent":false,"dataSets":{},"apiTier":"Premium","isCustomApiConnection":false}},"databaseReferences":{},"almMode":"Environment","performanceOptimizationEnabled":true,"canConsumeAppPass":true,"executionRestrictions":{"isTeamsOnly":false,"dataLossPreventionEvaluationResult":{"status":"Compliant","lastEvaluationDate":"2022-04-28T09:27:53.3881574Z","violations":[],"violationsByPolicy":[],"violationErrorMessage":"The app uses the following connectors: shared_logicflows, shared_dynamicssmbsaas."},"httpActionRestriction":{"appUsesSharepointHttpAction":false,"enforcementStrategy":"Legacy","evaluationTime":"2022-04-28T09:27:53.3881574Z"}}},"appType":"ClassicCanvasApp","appComponents":[]}}